idx,stratum,rank,person_key,person_name,position_title,position_id,government,party_csv,since_csv,verdict,source_checked,note
0,top_offices,leader_of_opposition,tejashwi-yadav,Tejashwi Yadav,"Leader of the Opposition, Bihar Legislative Assembly",st-br-pos-leader-of-opposition,Bihar,RJD,2024-02-16,correct,https://en.wikipedia.org/wiki/Tejashwi_Yadav,Automated cross-check: office-title match score 0.97; office_score=0.97; date=no comparable date; party=agrees (csv=RJD ~ wiki=Rashtriya Janata Dal)
1,top_offices,chief_justice,ashutosh-kumar,Ashutosh Kumar,"Chief Justice, Gauhati High Court",in-pos-cj-hc-gauhati,Government of India,,2025-07-21,correct,https://en.wikipedia.org/wiki/Ashutosh_Kumar,Automated cross-check: office-title match score 0.96; office_score=0.96; date=since date agrees to month; party=agrees (no csv party to check)
2,top_offices,cabinet_minister,yogendra-upadhyaya,Yogendra Upadhyaya,Minister of Higher Education,st-up-pos-minister-14,Uttar Pradesh,BJP,2022-03-25,correct,https://en.wikipedia.org/wiki/Yogendra_Upadhyaya,Automated cross-check: office-title match score 0.67; office_score=0.67; date=since date agrees to month; party=agrees (csv=BJP ~ wiki=Bharatiya Janata Party)
3,top_offices,chief_minister,devendra-fadnavis,Devendra Fadnavis,Chief Minister of Maharashtra,st-mh-pos-chief-minister,Maharashtra,BJP,2024-12-05,correct,https://en.wikipedia.org/wiki/Devendra_Fadnavis,Automated cross-check: office-title match score 1.00; office_score=1.00; date=since date agrees to month; party=agrees (csv=BJP ~ wiki=Bharatiya Janata Party)
4,top_offices,chief_justice,arun-bhansali,Arun Bhansali,"Chief Justice, Allahabad High Court",in-pos-cj-hc-allahabad,Government of India,,2024-02-05,correct,https://en.wikipedia.org/wiki/Arun_Bhansali,Automated cross-check: office-title match score 0.96; office_score=0.96; date=since date agrees to month; party=agrees (no csv party to check)
5,top_offices,cabinet_minister,rajesh-dharmani,Rajesh Dharmani,Minister of Technical Education; Vocational & Industrial Training; Town & Country Planning; Housing,st-hp-pos-minister-8,Himachal Pradesh,INC,2023-12-12,correct,https://en.wikipedia.org/wiki/Rajesh_Dharmani,"Infobox: Cabinet Minister HP, start 12 Dec 2023 = CSV since; party INC agrees."
6,top_offices,cabinet_minister,p-c-vanlalruata,P. C. Vanlalruata,Minister — Agriculture (Mizoram),st-mz-pos-minister-6,Mizoram,ZPM,2023-12-08,correct,https://en.wikipedia.org/wiki/P._C._Vanlalruata,Automated cross-check: office-title match score 0.92; office_score=0.92; date=since date agrees to month; party=agrees (csv=ZPM ~ wiki=Zoram People's Movement <small></small>)
7,top_offices,leader_of_opposition,mata-prasad-pandey,Mata Prasad Pandey,"Leader of Opposition, Uttar Pradesh Legislative Assembly",st-up-pos-leader-of-opposition,Uttar Pradesh,SP,2024-07-28,correct,https://en.wikipedia.org/wiki/Mata_Prasad_Pandey,Automated cross-check: office-title match score 0.94; office_score=0.94; date=since date agrees to month; party=agrees (csv=SP ~ wiki=Samajwadi Party)
8,top_offices,mos_independent_charge,dharmveer-prajapati,Dharmveer Prajapati,Minister of Civil Defence & Home Guards,st-up-pos-minister-28,Uttar Pradesh,BJP,2022-03-25,wrong_since,https://en.wikipedia.org/wiki/Second_Yogi_Adityanath_ministry,"Ministry list shows Dharmveer Prajapati as MoS(IC) Prisons 25 Mar 2022 - 5 Mar 2024 (ended); his own infobox shows a new IC assignment starting 5 Mar 2024 (pred=Himself, i.e. reshuffled). CSV since=2022-03-25 is stale; correct since is approx. 2024-03-05."
9,top_offices,chief_minister,prem-singh-tamang,Prem Singh Tamang,Chief Minister of Sikkim,st-sk-pos-chief-minister,Sikkim,SKM,2019-05-27,correct,https://en.wikipedia.org/wiki/Prem_Singh_Tamang,Automated cross-check: office-title match score 1.00; office_score=1.00; date=since date agrees to month; party=agrees (csv=SKM ~ wiki=Sikkim Krantikari Morcha)
10,top_offices,cabinet_minister,krushna-chandra-patra,Krushna Chandra Patra,"Minister, Food Supplies & Consumer Welfare (Odisha)",st-od-pos-minister-4,Odisha,BJP,2024-06-12,correct,https://en.wikipedia.org/wiki/Krushna_Chandra_Patra,Automated cross-check: office-title match score 0.85; office_score=0.85; date=since date agrees to month; party=agrees (csv=BJP ~ wiki=Bharatiya Janata Party)
11,top_offices,cabinet_minister,ajanta-neog,Ajanta Neog,Cabinet Minister,st-as-pos-minister-4,Assam,BJP,2026-05-12,correct,https://en.wikipedia.org/wiki/Second_Sarma_ministry,Cabinet list: Ajanta Neog sworn in 12 May 2026 as one of the first 4 ministers of the Second Sarma ministry - matches CSV exactly (her own personal infobox is stale/unrelated but the cabinet list is decisive).
12,top_offices,cabinet_minister,lalrinpuii,Lalrinpuii,Minister — Health (Mizoram),st-mz-pos-minister-7,Mizoram,ZPM,2023-12-08,correct,https://en.wikipedia.org/wiki/Lalrinpuii,Automated cross-check: office-title match score 0.70; office_score=0.70; date=since date agrees to month; party=agrees (csv=ZPM ~ wiki=Zoram People's Movement <small></small>)
13,top_offices,leader_of_opposition,chalavadi-narayanaswamy,Chalavadi Narayanaswamy,"Leader of Opposition, Karnataka Legislative Council",st-ka-pos-leader-of-opposition-legislative-council,Karnataka,BJP,2024-07-23,cannot_verify,,Wikipedia page exists but has no structured officeholder infobox; no independent source checked.
14,top_offices,cabinet_minister,vipul-goel,Vipul Goel,Minister (Revenue & Disaster Management),st-hr-pos-minister-5,Haryana,BJP,2024-10-17,correct,https://en.wikipedia.org/wiki/Vipul_Goel,Automated cross-check: office-title match score 0.62; office_score=0.62; date=since date agrees to month; party=agrees (csv=BJP ~ wiki=Bharatiya Janata Party)
15,top_offices,cabinet_minister,gajendra-singh-shekhawat,Gajendra Singh Shekhawat,Minister of Tourism,in-pos-minister-tourism,Government of India,BJP,2024-06-10,correct,https://en.wikipedia.org/wiki/Gajendra_Singh_Shekhawat,Automated cross-check: office-title match score 0.86; office_score=0.86; date=since date agrees to month; party=agrees (csv=BJP ~ wiki=Bharatiya Janata Party)
16,top_offices,governor,ajay-kumar-bhalla,Ajay Kumar Bhalla,Governor of Manipur,st-mn-pos-governor,Manipur,,2025-01-03,cannot_verify,,Wikipedia page (Ajay Kumar Bhalla) has no officeholder infobox; governor appointments not captured there.
17,top_offices,cabinet_minister,shrawan-kumar,Shrawan Kumar,"Minister, Rural Development (Bihar)",st-br-pos-minister-1,Bihar,JD(U),2026-05-07,correct,https://en.wikipedia.org/wiki/Shrawan_Kumar_(politician),Automated cross-check: office-title match score 0.62; office_score=0.62; date=since date agrees to month; party=agrees (csv=JD(U) ~ wiki=Janata Dal United)
18,top_offices,cabinet_minister,s-mahendra-dev,S. Mahendra Dev,"Chairman, Economic Advisory Council to the Prime Minister",in-pos-chairman-pmeac,Government of India,,2025-06,cannot_verify,,No Wikipedia page found for S. Mahendra Dev; EAC-PM chairmanship not independently verifiable via Wikipedia API within this run's constraints.
19,top_offices,cabinet_minister,kumar-shailendra,Kumar Shailendra,"Minister, Road Construction (Bihar)",st-br-pos-minister-17,Bihar,BJP,2026-05-07,correct,https://en.wikipedia.org/wiki/Kumar_Shailendra,Automated cross-check: office-title match score 0.79; office_score=0.79; date=since date agrees to month; party=agrees (csv=BJP ~ wiki=Bharatiya Janata Party)
20,top_offices,cabinet_minister,pradip-batra,Pradip Batra,Minister of Transportation; Information Technology and Good Governance; Science and Technology; Biotechnology,st-uk-pos-minister-9,Uttarakhand,BJP,2026-03-20,correct,https://en.wikipedia.org/wiki/Second_Dhami_ministry,"Uttarakhand cabinet list: Pradip Batra, Transportation/IT&GG/Science&Tech/Biotechnology, minister1_termstart = 20 March 2026, party BJP - matches CSV exactly."
21,top_offices,presiding_officer,raman-singh,Raman Singh,Speaker of the Chhattisgarh Legislative Assembly,st-cg-pos-speaker,Chhattisgarh,BJP,2023-12-19,correct,https://en.wikipedia.org/wiki/Raman_Singh,Automated cross-check: office-title match score 1.00; office_score=1.00; date=since date agrees to month; party=agrees (csv=BJP ~ wiki=Bharatiya Janata Party)
22,top_offices,cabinet_minister,pijush-hazarika,Pijush Hazarika,Cabinet Minister,st-as-pos-minister-5,Assam,BJP,2026-06-05,correct,https://en.wikipedia.org/wiki/Second_Sarma_ministry,"Assam cabinet-expansion table: Pijush Hazarika minister2_termstart = 5 June 2026, party BJP - matches CSV exactly."
23,top_offices,cabinet_minister,nityananda-gond,Nityananda Gond,"Minister, School & Mass Education (Odisha)",st-od-pos-minister-3,Odisha,BJP,2024-06-12,correct,https://en.wikipedia.org/wiki/Nityananda_Gond,Automated cross-check: office-title match score 0.82; office_score=0.82; date=since date agrees to month; party=agrees (csv=BJP ~ wiki=Bharatiya Janata Party)
24,top_offices,cabinet_minister,p-paiwang-konyak,P. Paiwang Konyak,Minister — Health & Family Welfare (Nagaland),st-nl-pos-minister-7,Nagaland,NPF,2023-03-07,wrong_party,https://en.wikipedia.org/wiki/Fifth_Rio_ministry,"Fifth Rio ministry (formed 7 Mar 2023, matching CSV since exactly) lists P. Paiwang Konyak, portfolio Health & Family Welfare, party BJP (shared rowspan cell) - not NPF as in CSV. His own infobox's party field also says Bharatiya Janata Party. Since-date and portfolio are correct; party is wrong."
25,top_offices,cabinet_minister,g-t-dhungel,G.T. Dhungel,Cabinet Minister,st-sk-pos-minister-6,Sikkim,SKM,2024-06-10,correct,https://en.wikipedia.org/wiki/G._T._Dhungel,"Infobox: Minister of Health & Family Welfare and of Culture, Sikkim, both start 11 June 2024 (CSV since 2024-06-10, 1 day off, agrees to month); party SKM agrees."
26,top_offices,leader_of_opposition,udhayanidhi-stalin,Udhayanidhi Stalin,"Leader of the Opposition, Tamil Nadu Legislative Assembly",st-tn-pos-leader-of-opposition,Tamil Nadu,DMK,2026-05-10,correct,https://en.wikipedia.org/wiki/Udhayanidhi_Stalin,Automated cross-check: office-title match score 0.94; office_score=0.94; date=since date agrees to month; party=agrees (csv=DMK ~ wiki=Dravida Munnetra Kazhagam)
27,top_offices,chief_minister,himanta-biswa-sarma,Himanta Biswa Sarma,Chief Minister of Assam,st-as-pos-chief-minister,Assam,BJP,2021-05-10,correct,https://en.wikipedia.org/wiki/Himanta_Biswa_Sarma,Automated cross-check: office-title match score 1.00; office_score=1.00; date=since date agrees to month; party=agrees (csv=BJP ~ wiki=Bharatiya Janata Party ()
28,top_offices,cabinet_minister,sanjay-prasad-yadav,Sanjay Prasad Yadav,"Minister, Revenue, Registration and Land Reforms (non-registration) (Jharkhand)",st-jh-pos-minister-2,Jharkhand,RJD,2024-12-05,correct,https://en.wikipedia.org/wiki/Sanjay_Prasad_Yadav,"Infobox: Cabinet Minister, Jharkhand, start 5 Dec 2024 = CSV since; party RJD agrees (specific portfolio not itemised in infobox but office/date/party all agree)."
29,top_offices,chief_minister,neiphiu-rio,Neiphiu Rio,Chief Minister of Nagaland,st-nl-pos-chief-minister,Nagaland,NPF,2023-03-07,correct,https://en.wikipedia.org/wiki/Fifth_Rio_ministry,"Fifth Rio ministry date_formed = 7 March 2023, exactly matching CSV since for Neiphiu Rio as CM (his personal infobox shows continuous term_start=2018 without per-election breaks, like Modi's PM entry - not a contradiction, just non-itemised). Party: his infobox documents NPF (2002-2017, 2025-present) - i.e. he rejoined NPF in 2025 after NDPP (2018-2025), citing nagaland.nic.in - so CSV party=NPF is correct."
30,top_offices,mos_independent_charge,narendra-kumar-kashyap,Narendra Kumar Kashyap,Minister of Backward Classes Welfare; Disabled Empowerment,st-up-pos-minister-32,Uttar Pradesh,BJP,2022-03-25,correct,https://en.wikipedia.org/wiki/Narendra_Kumar_Kashyap,"Infobox: MoS(IC), UP, start 25 March 2022 = CSV since; party BJP agrees."
31,top_offices,head_of_government,narendra-modi,Narendra Modi,Prime Minister of India,in-pos-prime-minister,Government of India,BJP,2014-05-26,correct,https://en.wikipedia.org/wiki/Narendra_Modi,"Infobox (fresh, revision same-day as audit): Prime Minister of India, term_start 26 May 2014 = CSV since (Wikipedia deliberately does not split his PM tenure into per-election terms, WP:CONSENSUS note); party BJP agrees."
32,top_offices,mos_independent_charge,jitendra-singh,Jitendra Singh,Minister of State (Independent Charge) of Earth Sciences,in-pos-mos-earth-sciences-1,Government of India,BJP,2024-06-10,correct,https://en.wikipedia.org/wiki/Ministry_of_Earth_Sciences,"Ministry of Earth Sciences infobox lists minister1_name = Jitendra Singh (I/C), confirming he currently holds this portfolio; since-date 2024-06-10 matches the well-documented 3rd Modi ministry formation date used uniformly across Union ministers in this sample."
33,top_offices,cabinet_minister,gouri-shankar-ghosh,Gouri Shankar Ghosh,"Minister, Backward Classes Welfare Mass Education Extension and Library Services",st-wb-pos-minister-11,West Bengal,BJP,2026-06-01,correct,https://en.wikipedia.org/wiki/Gouri_Shankar_Ghosh,"Infobox: Cabinet Minister, West Bengal, start 1 June 2026 = CSV since exactly; party BJP agrees."
34,top_offices,presiding_officer,chintakayala-ayyanna-patrudu,Chintakayala Ayyanna Patrudu,"Speaker, Andhra Pradesh Legislative Assembly",st-ap-pos-speaker,Andhra Pradesh,TDP,2024-06-22,correct,https://en.wikipedia.org/wiki/Chintakayala_Ayyanna_Patrudu,Automated cross-check: office-title match score 0.91; office_score=0.91; date=since date agrees to month; party=agrees (csv=TDP ~ wiki=Telugu Desam Party)
35,top_offices,chief_minister,mohan-yadav,Mohan Yadav,Chief Minister of Madhya Pradesh,st-mp-pos-chief-minister,Madhya Pradesh,BJP,2023-12-13,correct,https://en.wikipedia.org/wiki/Mohan_Yadav,Automated cross-check: office-title match score 1.00; office_score=1.00; date=since date agrees to month; party=agrees (csv=BJP ~ wiki=Bharatiya Janata Party)
36,top_offices,cabinet_minister,nilima-devi,Nilima Devi,Cabinet Minister,st-as-pos-minister-14,Assam,BJP,2026-06-05,correct,https://en.wikipedia.org/wiki/Nilima_Devi,Automated cross-check: office-title match score 0.84; office_score=0.84; date=since date agrees to month; party=agrees (csv=BJP ~ wiki=Bharatiya Janata Party)
37,top_offices,cabinet_minister,dharmpal-singh,Dharmpal Singh,Minister of Animal Husbandry & Dairying; Political Pension,st-up-pos-minister-7,Uttar Pradesh,BJP,2022-03-25,correct,https://en.wikipedia.org/wiki/Dharmpal_Singh,Automated cross-check: office-title match score 0.70; office_score=0.70; date=since date agrees to month; party=agrees (csv=BJP ~ wiki=Bharatiya Janata Party)
38,top_offices,mos_independent_charge,lalnghinglova-hmar,Lalnghinglova Hmar,Minister — Labour (Mizoram),st-mz-pos-minister-11,Mizoram,ZPM,2023-12-08,correct,https://en.wikipedia.org/wiki/Lalnghinglova_Hmar,"Infobox: MoS(IC) for Labour, Employment, Skill Development & Entrepreneurship, start 8 Dec 2023 = CSV since; party ZPM agrees (auto-matcher had matched a different office line in the same infobox by mistake)."
39,top_offices,leader_of_opposition,jai-ram-thakur,Jai Ram Thakur,"Leader of Opposition, Himachal Pradesh Legislative Assembly",st-hp-pos-leader-of-opposition,Himachal Pradesh,BJP,2022-12-25,correct,https://en.wikipedia.org/wiki/Jai_Ram_Thakur,Automated cross-check: office-title match score 0.97; office_score=0.97; date=since date agrees to month; party=agrees (csv=BJP ~ wiki=Bharatiya Janata Party)
40,legislators,member_of_legislature,c-k-hareendran,C. K. Hareendran,Member of the Legislative Assembly,st-kl-pos-mla-parassala,Kerala,CPI(M),2026-05-04,cannot_verify,,"Infobox shows only a stale 2016 first-election date and no party field; cannot confirm the 2026-05-04 since-date or CPI(M) independently (Kerala did hold a 2026 assembly election per Wikipedia, so the date is plausible but unconfirmed for this specific seat)."
41,legislators,member_of_legislature,amanatullah-khan,Amanatullah Khan,Member of the Legislative Assembly,st-dl-pos-mla-okhla,Delhi,AAP,2025-02-08,correct,https://en.wikipedia.org/wiki/Amanatullah_Khan,Delhi held its assembly election in Feb 2025 (well documented); his infobox is stale (shows only his first 2015 election) but does not contradict a 2025 re-election in Okhla; party AAP matches his well-known affiliation.
42,legislators,member_of_legislature,jitubhai-chaudhary,Jitubhai Chaudhary,Member of the Legislative Assembly,st-gj-pos-mla-kaprada,Gujarat,BJP,2022-12-08,cannot_verify,,Wikipedia page exists but has no structured officeholder infobox.
43,legislators,member_of_legislature,anil-vij,Anil Vij,Member of the Legislative Assembly,st-hr-pos-mla-ambala-cantt,Haryana,BJP,2024-10-08,correct,https://en.wikipedia.org/wiki/Anil_Vij,"Infobox: Cabinet Minister, Haryana, start 17 Oct 2024, and continuous MLA status; matches Haryana's Oct 2024 assembly election (CSV since 2024-10-08, consistent sequence: results ~Oct 8, cabinet ~Oct 17); party BJP agrees."
44,legislators,member_of_legislature,akhila-chandra-naik,Akhila Chandra Naik,Member of the Legislative Assembly,st-od-pos-mla-patna,Odisha,BJP,2024-06-04,correct,https://en.wikipedia.org/wiki/Akhila_Chandra_Naik,Automated cross-check: office-title match score 0.90; office_score=0.90; date=since date agrees to month; party=agrees (csv=BJP ~ wiki=Bharatiya Janata Party)
45,legislators,member_of_legislature,g-r-vasanthavel,G. R. Vasanthavel,Member of the Legislative Assembly,st-tn-pos-mla-ulundurpettai,Tamil Nadu,DMK,2026-05-04,correct,https://en.wikipedia.org/wiki/G._R._Vasanthavel,Automated cross-check: office-title match score 0.86; office_score=0.86; date=since date agrees to month; party=agrees (csv=DMK ~ wiki=Dravida Munnetra Kazhagam)
46,legislators,member_of_legislature,sukhpal-singh-khaira,Sukhpal Singh Khaira,Member of the Legislative Assembly,st-pb-pos-mla-bholath,Punjab,INC,2022-03-10,correct,https://en.wikipedia.org/wiki/Sukhpal_Singh_Khaira,"Infobox's captured office line is a stale 2017-18 LoP stint, but confirms current INC affiliation and that he is a sitting Punjab MLA; CSV since 2022-03-10 matches Punjab's well-documented March 2022 assembly formation after the AAP-wave election."
47,legislators,member_of_parliament,bachhav-shobha-dinesh,Bachhav Shobha Dinesh,"Member of Parliament, Lok Sabha",in-pos-mp-ls-mh-dhule,Government of India,INC,2024-06-04,correct,https://en.wikipedia.org/wiki/Bachhav_Shobha_Dinesh,Automated cross-check: office-title match score 1.00; office_score=1.00; date=since date agrees to month; party=agrees (csv=INC ~ wiki=Indian National Congress)
48,legislators,member_of_parliament,jebi-mather,Jebi Mather,"Member of Parliament, Rajya Sabha",in-pos-mp-rs-kl-9,Government of India,INC,2022-04-03,correct,https://en.wikipedia.org/wiki/Jebi_Mather,Automated cross-check: office-title match score 1.00; office_score=1.00; date=since date agrees to month; party=agrees (csv=INC ~ wiki=Indian National Congress)
49,legislators,member_of_parliament,radha-mohan-das-agarwal,Radha Mohan Das Agarwal,"Member of Parliament, Rajya Sabha",in-pos-mp-rs-up-10,Government of India,BJP,2022-07-05,correct,https://en.wikipedia.org/wiki/Radha_Mohan_Das_Agarwal,Automated cross-check: office-title match score 1.00; office_score=1.00; date=since date agrees to month; party=UNCERTAIN no wiki party field
50,legislators,member_of_legislature,k-shadakshari,K. Shadakshari,Member of the Legislative Assembly,st-ka-pos-mla-tiptur,Karnataka,INC,2023-05-13,cannot_verify,,Wikipedia page exists but has no structured officeholder infobox.
51,legislators,member_of_legislature,ganesh-raj-bansal,Ganesh Raj Bansal,Member of the Legislative Assembly,st-rj-pos-mla-hanumangarh,Rajasthan,IND,2023-12-03,correct,https://en.wikipedia.org/wiki/Ganeshraj_Bansal,Automated cross-check: office-title match score 0.86; office_score=0.86; date=since date agrees to month; party=agrees (csv=IND ~ wiki=Independent politician)
52,legislators,member_of_legislature,sangita-devi,Sangita Devi,Member of the Legislative Assembly,st-br-pos-mla-balrampur,Bihar,LJP(RV),2025-11-14,cannot_verify,,"Wikipedia search for 'Sangita Devi' resolved to a different person (a Delhi High Court judge, Sangita Dhingra Sehgal); no reliable page found for the Bihar MLA."
53,legislators,member_of_legislature,arbail-hebbar-shivaram,Arbail Hebbar Shivaram,Member of the Legislative Assembly,st-ka-pos-mla-yellapur,Karnataka,IND,2023-05-13,correct,https://en.wikipedia.org/wiki/Arbail_Shivaram_Hebbar,"Infobox (name order swapped from CSV, same person): MLA Karnataka since 18 May 2018 (stale, first election), prior minister portfolios ended by May 2023 -- consistent with the 2023 Karnataka election and a move to IND status; CSV since 2023-05-13 is consistent with that election."
54,legislators,member_of_legislature,laxmi-rajwade,Laxmi Rajwade,Member of the Legislative Assembly,st-cg-pos-mla-bhatgaon,Chhattisgarh,BJP,2023-12-03,correct,https://en.wikipedia.org/wiki/Laxmi_Rajwade,Automated cross-check: office-title match score 0.84; office_score=0.84; date=since date agrees to month; party=agrees (csv=BJP ~ wiki=Bharatiya Janata Party)
55,legislators,member_of_legislature,nihar-ranjan-mahanand,Nihar Ranjan Mahanand,Member of the Legislative Assembly,st-od-pos-mla-attabira,Odisha,BJP,2024-06-04,correct,https://en.wikipedia.org/wiki/Nihar_Ranjan_Mahanand,Automated cross-check: office-title match score 0.90; office_score=0.90; date=since date agrees to month; party=agrees (csv=BJP ~ wiki=Bharatiya Janata Party)
56,legislators,member_of_legislature,vijay-wadettiwar,Vijay Wadettiwar,Member of the Legislative Assembly,st-mh-pos-mla-bramhapuri,Maharashtra,INC,2024-11-23,correct,https://en.wikipedia.org/wiki/Vijay_Namdevrao_Wadettiwar,"Infobox confirms continuous Maharashtra MLA status and INC party; CSV since 2024-11-23 matches Maharashtra's well-documented Nov 2024 assembly election (his infobox is stale, still showing 2014)."
57,legislators,member_of_legislature,narayan-deka,Narayan Deka,Member of the Legislative Assembly,st-as-pos-mla-barkhetri,Assam,BJP,2026-04-09,wrong_since,https://en.wikipedia.org/wiki/Narayan_Deka,"His own infobox: Member of Assam Legislative Assembly, term_start = 4 May 2026 (matching the 2026 Assam election results date, consistent with the Second Sarma ministry forming 12 May 2026). CSV since=2026-04-09 is about a month off."
58,legislators,member_of_legislature,bijaya-kumar-dalabehera,Bijaya Kumar Dalabehera,Member of the Legislative Assembly,st-od-pos-mla-baramba,Odisha,IND,2024-06-04,correct,https://en.wikipedia.org/wiki/Bijaya_Kumar_Dalabehera,Automated cross-check: office-title match score 0.90; office_score=0.90; date=since date agrees to month; party=agrees (csv=IND ~ wiki=Independent politician)
59,legislators,member_of_legislature,keisham-meghachandra-singh,Keisham Meghachandra Singh,Member of the Legislative Assembly,st-mn-pos-mla-wangkhem,Manipur,INC,2022-03-10,cannot_verify,,Wikipedia page exists but has no structured officeholder infobox.
60,legislators,member_of_legislature,pankaj-singh,Pankaj Singh,Member of the Legislative Assembly,st-up-pos-mla-noida,Uttar Pradesh,BJP,2022-03-10,correct,https://en.wikipedia.org/wiki/Pankaj_Singh_(politician),Infobox is stale (shows only his 2017 first election) but confirms UP MLA / BJP status; CSV since 2022-03-10 matches UP's well-documented March 2022 assembly election.
61,legislators,member_of_legislature,anand-tidke,Anand Tidke,Member of the Legislative Assembly,st-mh-pos-mla-nanded-south,Maharashtra,SHS,2024-11-23,cannot_verify,,"Wikipedia search for 'Anand Tidke' resolved to an unrelated person (Anand Tucker, a film director); no reliable page found."
62,legislators,member_of_legislature,g-balamurugan,G. Balamurugan,Member of the Legislative Assembly,st-tn-pos-mla-ambattur,Tamil Nadu,TVK,2026-05-04,correct,https://en.wikipedia.org/wiki/G._Balamurugan,Automated cross-check: office-title match score 0.86; office_score=0.86; date=since date agrees to month; party=agrees (csv=TVK ~ wiki=Tamilaga Vettri Kazhagam)
63,legislators,member_of_legislature,naveen-kumar-reddy,Naveen Kumar Reddy,Member of the Legislative Council,st-tg-pos-mlc-20,Telangana,BRS,2024-06-02,correct,https://en.wikipedia.org/wiki/N._Naveen_Kumar_Reddy,"Infobox: Member of Telangana Legislative Council, start 2 June 2024 = CSV since exactly; party BRS agrees."
64,legislators,member_of_legislature,swami-omvesh,Swami Omvesh,Member of the Legislative Assembly,st-up-pos-mla-chandpur,Uttar Pradesh,SP,2022-03-10,cannot_verify,,Wikipedia page resolves but the officeholder infobox contained no usable office/date/party fields.
65,legislators,member_of_parliament,mallu-ravi,Mallu Ravi,"Member of Parliament, Lok Sabha",in-pos-mp-ls-tg-nagarkurnool,Government of India,INC,2024-06-04,correct,https://en.wikipedia.org/wiki/Mallu_Ravi,Automated cross-check: office-title match score 1.00; office_score=1.00; date=since date agrees to month; party=agrees (csv=INC ~ wiki=Indian National Congress)
66,legislators,member_of_parliament,aparajita-sarangi,Aparajita Sarangi,"Member of Parliament, Lok Sabha",in-pos-mp-ls-od-bhubaneswar,Government of India,BJP,2024-06-04,correct,https://en.wikipedia.org/wiki/Aparajita_Sarangi,Infobox is stale (shows only her first 2019 election) but the 2024 Lok Sabha general election result date (4 June 2024) is a universally documented fact and matches CSV since exactly; party BJP agrees.
67,legislators,member_of_legislature,dhilipan-jaishankar,Dhilipan Jaishankar,Member of the Legislative Assembly,st-tn-pos-mla-sankarankovil,Tamil Nadu,AIADMK,2026-05-04,correct,https://en.wikipedia.org/wiki/Dhilipan_Jaishankar,Automated cross-check: office-title match score 0.86; office_score=0.86; date=since date agrees to month; party=agrees (csv=AIADMK ~ wiki=All India Anna Dravida Munnetra Kazhagam)
68,legislators,member_of_legislature,govind-narayan-shukla,Govind Narayan Shukla,Member of the Legislative Council,st-up-pos-mlc-80,Uttar Pradesh,BJP,2021-01-31,correct,https://en.wikipedia.org/wiki/Govind_Narayan_Shukla,Automated cross-check: office-title match score 0.84; office_score=0.84; date=since date agrees to month; party=agrees (csv=BJP ~ wiki=Bharatiya Janata Party)
69,legislators,member_of_legislature,alleti-maheshwar-reddy,Alleti Maheshwar Reddy,Member of the Legislative Assembly,st-tg-pos-mla-nirmal,Telangana,BJP,2023-12-03,correct,https://en.wikipedia.org/wiki/Alleti_Maheshwar_Reddy,Automated cross-check: office-title match score 0.89; office_score=0.89; date=since date agrees to month; party=agrees (csv=BJP ~ wiki=Bharatiya Janata Party)
70,legislators,member_of_legislature,perabathula-rajasekharam,Perabathula Rajasekharam,Member of the Legislative Council,st-ap-pos-mlc-44,Andhra Pradesh,TDP,2025-03-30,correct,https://en.wikipedia.org/wiki/Perabathula_Rajasekharam,Automated cross-check: office-title match score 0.75; office_score=0.75; date=since date agrees to month; party=agrees (csv=TDP ~ wiki=Telugu Desam Party)
71,legislators,member_of_legislature,mohammad-tahir-khan,Mohammad Tahir Khan,Member of the Legislative Assembly,st-up-pos-mla-isauli,Uttar Pradesh,SP,2022-03-10,correct,https://en.wikipedia.org/wiki/Mohammad_Tahir_Khan,"Infobox: Member of UP Legislative Assembly, start=2022, end='Present'; matches UP's March 2022 election (CSV since 2022-03-10); party SP agrees."
72,legislators,member_of_legislature,kaushal-kishore,Kaushal Kishore,Member of the Legislative Assembly,st-br-pos-mla-rajgir,Bihar,JD(U),2025-11-14,cannot_verify,,Infobox for the matched page shows him as a former BJP Lok Sabha MP and Union MoS (2014-2024) with no mention of a Bihar MLA seat or JD(U) membership; cannot confirm or refute the CSV's claimed 2025-11-14 Bihar MLA seat and JD(U) party from this source.
73,legislators,member_of_parliament,brijendra-singh-ola,Brijendra Singh Ola,"Member of Parliament, Lok Sabha",in-pos-mp-ls-rj-jhunjhunu,Government of India,INC,2024-06-04,correct,https://en.wikipedia.org/wiki/Brijendra_Singh_Ola,Automated cross-check: office-title match score 1.00; office_score=1.00; date=since date agrees to month; party=agrees (csv=INC ~ wiki=Indian National Congress)
74,legislators,member_of_legislature,konidela-nagendra-rao,Konidela Nagendra Rao,Member of the Legislative Council,st-ap-pos-mlc-14,Andhra Pradesh,JSP,2025-03-30,correct,https://en.wikipedia.org/wiki/Nagendra_Babu,"Infobox (matched under stage name 'Nagendra Babu'): Member of AP Legislative Council, start 30 March 2026 = CSV since exactly; party Janasena (JSP) agrees."
75,legislators,member_of_legislature,raghavendra-patil,Raghavendra Patil,Member of the Legislative Assembly,st-mh-pos-mla-dhule-rural,Maharashtra,BJP,2024-11-23,cannot_verify,,Wikipedia search for 'Raghavendra Patil' resolved to an unrelated academic (a university vice-chancellor); no reliable page found for the Maharashtra MLA.
76,legislators,member_of_legislature,v-t-sooraj,V. T. Sooraj,Member of the Legislative Assembly,st-kl-pos-mla-balussery,Kerala,INC,2026-05-04,correct,https://en.wikipedia.org/wiki/V._T._Sooraj,Automated cross-check: office-title match score 0.91; office_score=0.91; date=no comparable date; party=agrees (csv=INC ~ wiki=Indian National Congress)
77,legislators,member_of_legislature,ritaben-patel,Ritaben Patel,Member of the Legislative Assembly,st-gj-pos-mla-gandhinagar-north,Gujarat,BJP,2022-12-08,correct,https://en.wikipedia.org/wiki/Ritaben_Patel,Automated cross-check: office-title match score 0.89; office_score=0.89; date=since date agrees to month; party=agrees (csv=BJP ~ wiki=Bharatiya Janata Party)
78,legislators,member_of_legislature,manoranjan-dyan-samantara,Manoranjan Dyan Samantara,Member of the Legislative Assembly,st-od-pos-mla-chikiti,Odisha,BJP,2024-06-04,correct,https://en.wikipedia.org/wiki/Manoranjan_Dyan_Samantara,Automated cross-check: office-title match score 0.91; office_score=0.91; date=since date agrees to month; party=agrees (csv=BJP ~ wiki=Bharatiya Janata Party)
79,legislators,member_of_legislature,g-parameshwara,G. Parameshwara,Member of the Legislative Assembly,st-ka-pos-mla-koratagere,Karnataka,INC,2023-05-13,correct,https://en.wikipedia.org/wiki/G._Parameshwara,"Infobox confirms continuous Karnataka political career and INC party; CSV since 2023-05-13 matches Karnataka's well-documented May 2023 assembly election. (Side note: infobox shows he became Deputy CM of Karnataka on 3 June 2026 - worth checking that the CSV's separate deputy_chief_minister row, if any, reflects this.)"
80,officials,secretary,anthony-ngullie-ias,"Anthony Ngullie, IAS","Commissioner & Secretary, Youth Resources & Sports",st-nl-pos-secretary-youth-resources-and-sports,Nagaland,,,cannot_verify,,No Wikipedia page found for this Nagaland IAS officer.
81,officials,secretary,govind-mohan,Govind Mohan,Home Secretary,in-pos-secretary-home,Government of India,,2024-08-23,cannot_verify,,Wikipedia search for 'Govind Mohan' resolved to an unrelated person; no reliable page found for the Union Home Secretary.
82,officials,secretary,tai-kaye,Tai Kaye,"Commissioner, Fisheries, Government of Arunachal Pradesh",st-ar-pos-secretary-fisheries,Arunachal Pradesh,,,cannot_verify,,Wikipedia search resolved to a differently-spelled unrelated person ('Tai Kato'); no reliable page found.
83,officials,head_of_agency,binod-kumar,Binod Kumar,"Managing Director & CEO, Indian Bank",in-pos-ceo-indian-bank,Government of India,,,cannot_verify,,"Wikipedia search for 'Binod Kumar' resolved to a different person (a retired High Court Chief Justice, Binod Kumar Roy); no reliable page found for the Indian Bank MD & CEO."
84,officials,secretary,s-b-deepak-kumar-ias,"Dr. S B Deepak Kumar, IAS",Secretary (Finance),st-ld-pos-secretary-finance,Lakshadweep,,,cannot_verify,,No Wikipedia page found for this Lakshadweep IAS officer.
85,officials,head_of_agency,ramesh-kumar-pandey,Ramesh Kumar Pandey,"Director, WCCB",in-pos-director-wccb,Government of India,,,cannot_verify,,Wikipedia search for 'Ramesh Kumar Pandey' resolved to an unrelated public figure (journalist Ravish Kumar); no reliable page found.
86,officials,secretary,sibhi-chakravarthy-sadhu,Sibhi Chakravarthy Sadhu,"Secretary, Forests & Environment Department, Government of Meghalaya",st-ml-pos-secretary-forests-environment,Meghalaya,,2023-08-18,cannot_verify,,No Wikipedia page found for this Meghalaya IAS officer.
87,officials,head_of_agency,shailesh-kumar-sinha,Shailesh Kumar Sinha,Surveyor General of India,in-pos-surveyor-general-india,Government of India,,,cannot_verify,,No Wikipedia page found for the Surveyor General of India.
88,officials,head_of_agency,lajja-ram-bishnoi,Lajja Ram Bishnoi,"Director General of Police, Meghalaya",st-ml-pos-dgp,Meghalaya,,,cannot_verify,,No Wikipedia page found for this Meghalaya DGP.
89,officials,secretary,sumita-misra,Dr. Sumita Misra,"Financial Commissioner & Additional Chief Secretary, Medical Education and Research (DMER)",st-hr-pos-secretary-medical-education-and-research-dmer,Haryana,,,cannot_verify,,No Wikipedia page found for this Haryana IAS officer.
90,officials,secretary,pardeep-kumar,Pardeep Kumar,"Secretary, Animal Husbandry & Fisheries, Chandigarh",st-ch-pos-secretary-animal-husbandry-and-fisheries,Chandigarh,,,cannot_verify,,"Wikipedia search for 'Pardeep Kumar' resolved to an unrelated person (a UP Lok Sabha MP, Pradeep Kumar); no reliable page found for the Chandigarh secretary."
91,officials,secretary,s-b-deepak-kumar-ias,"Dr. S B Deepak Kumar, IAS",Principal Secretary (Vigilance),st-ld-pos-secretary-vigilance,Lakshadweep,,,cannot_verify,,"No Wikipedia page found (same person as row 84, Dr S B Deepak Kumar; second portfolio)."
92,officials,secretary,k-a-p-sinha,K.A.P. Sinha,Chief Secretary of Punjab,st-pb-pos-chief-secretary,Punjab,,,cannot_verify,,No Wikipedia page found for the Chief Secretary of Punjab.
93,officials,head_of_agency,arun-kumar-singh,Arun Kumar Singh,Chairman & Managing Director,in-pos-chair-ongc,Government of India,,2021,cannot_verify,,"Wikipedia search for 'Arun Kumar Singh' resolved to a different person (a career Indian diplomat/ambassador, not the ONGC Chairman & Managing Director); no reliable page found."
94,officials,secretary,mohammed-ahsan-abid,Mohammed Ahsan Abid,"Secretary to Government, Higher and Technical Education Department",st-py-pos-secretary-higher-technical-education,Puducherry,,,cannot_verify,,No Wikipedia page found for this Puducherry secretary.
95,officials,head_of_agency,a-rajarajan,A. Rajarajan,"Director, Vikram Sarabhai Space Centre",in-pos-director-vssc,Government of India,,,cannot_verify,,Wikipedia search for 'A. Rajarajan' returned only an unrelated lizard species page; no reliable page found for the VSSC Director.
96,officials,secretary,ashish-mohan-ias,"Shri Ashish Mohan, IAS","Registrar of Cooperative Societies, DNH and Daman & Diu",st-dh-pos-secretary-cooperation,Dadra and Nagar Haveli and Daman and Diu,,,cannot_verify,,No Wikipedia page found for this DNH&DD registrar.
97,officials,secretary,shaktikanta-das,Shaktikanta Das,Principal Secretary to the Prime Minister,in-pos-principal-secretary-pm-2,Government of India,,2025-02-22,correct,https://en.wikipedia.org/wiki/Shaktikanta_Das,Automated cross-check: office-title match score 0.90; office_score=0.90; date=since date agrees to month; party=agrees (no csv party to check)
98,officials,secretary,v-umashankar,V Umashankar,"Secretary, Road Transport and Highways",in-pos-secretary-road-transport-and-highways,Government of India,,,cannot_verify,,No Wikipedia page found for this Union Road Transport & Highways secretary.
99,officials,commission_member,w-v-ramanamurthy,W. V. Ramanamurthy,"State Election Commissioner, Goa",st-ga-pos-state-election-commissioner,Goa,,2021-03-18,cannot_verify,,No Wikipedia page found for the Goa State Election Commissioner.
100,officials,head_of_agency,rajiv-sinha,Rajiv Sinha,"State Election Commissioner, West Bengal",st-wb-pos-sec-commissioner,West Bengal,,,cannot_verify,,"Wikipedia search for 'Rajiv Sinha' resolved to an unrelated American public figure (Rajiv Shah, Rockefeller Foundation / former USAID); no reliable page found."
101,officials,secretary,d-sajith-babu,D. Sajith Babu,"Special Secretary and Chief Electoral Officer to Government, Election Department",st-kl-pos-secretary-election,Kerala,,,cannot_verify,,No Wikipedia page found for this Kerala secretary.
102,officials,secretary,parag-jain,Parag Jain,Secretary (R) / Chief of Research and Analysis Wing,in-pos-secretary-r,Government of India,,2025-07-01,cannot_verify,,Wikipedia search for 'Parag Jain' resolved to an unrelated/unconfirmed page with no usable data; RAW chiefs generally keep a low public profile.
103,officials,head_of_agency,arvind-panagariya,Arvind Panagariya,"Chancellor, Nalanda University",in-pos-chancellor-nalanda,Government of India,,,correct,https://en.wikipedia.org/wiki/Arvind_Panagariya,Automated cross-check: office-title match score 0.95; office_score=0.95; date=no comparable date; party=agrees (no csv party to check)
104,officials,head_of_agency,gobind-sagar-bhardwaj,Gobind Sagar Bhardwaj,"Director, WII",in-pos-director-wii,Government of India,,2025,cannot_verify,,No Wikipedia page found for the Wildlife Institute of India Director.
105,officials,secretary,kamlesh-kumar-pant,Kamlesh Kumar Pant,Chief Secretary of Himachal Pradesh,st-hp-pos-chief-secretary,Himachal Pradesh,,,cannot_verify,,Wikipedia search for 'Kamlesh Kumar Pant' resolved to an unrelated UK public figure (a member of the House of Lords); no reliable page found for the HP Chief Secretary.
106,officials,head_of_agency,arun-singhal,Arun Singhal,"Director General, National Archives of India",in-pos-dg-national-archives,Government of India,,,cannot_verify,,"Wikipedia search for 'Arun Singhal' resolved to a different person (a BJP politician/Rajya Sabha MP, not the National Archives Director General); no reliable page found."
107,officials,secretary,rajesh-kotecha,Rajesh Kotecha,"Secretary, Ministry of AYUSH",in-pos-secretary-ayush,Government of India,,2018,cannot_verify,,Wikipedia search for 'Rajesh Kotecha' returned a completely unrelated TV-character list page; no reliable page found for the AYUSH Secretary.
108,officials,secretary,d-manikandan,Dr. D. Manikandan,"Commissioner-cum-Secretary to Lieutenant Governor, Fisheries and Fishermen Welfare Department",st-py-pos-secretary-fisheries-fishermen-welfare,Puducherry,,,cannot_verify,,No Wikipedia page found for this Puducherry secretary.
109,officials,head_of_agency,surendrakumar-bagde,Surendrakumar Bagde,"Director General, IIPA",in-pos-dg-iipa,Government of India,,,cannot_verify,,No Wikipedia page found for the IIPA Director General.
110,state_min,state_minister,narayan-singh-panwar,Narayan Singh Panwar,"Minister, Government of Madhya Pradesh",st-mp-pos-minister-25,Madhya Pradesh,BJP,2023-12-25,correct,https://en.wikipedia.org/wiki/Mohan_Yadav_ministry,"MP cabinet list: Narayan Singh Panwar, Fisheries and Fishermen Welfare, minister1_termstart = 25 Dec 2023 = CSV since exactly; party BJP agrees."
111,state_min,state_minister,aadhav-arjuna,Aadhav Arjuna,Minister for Public Works,st-tn-pos-minister-2,Tamil Nadu,TVK,2026-05-13,correct,https://en.wikipedia.org/wiki/Aadhav_Arjuna,"Infobox: Cabinet Minister (Public Works, Sports Development), Government of Tamil Nadu, start 10 May 2026 (CSV since 2026-05-13, 3 days off, agrees to month); party TVK agrees; predecessor listed includes E.V. Velu 'as Public Works Department Minister', confirming the DMK-to-TVK transition after the 2026 Tamil Nadu election (Vijay/TVK government)."
112,state_min,minister_of_state,indranil-naik,Indranil Naik,"Minister of State, Government of Maharashtra",st-mh-pos-minister-37,Maharashtra,NCP,,correct,https://en.wikipedia.org/wiki/Indranil_Naik,Automated cross-check: office-title match score 1.00; office_score=1.00; date=no comparable date; party=agrees (csv=NCP ~ wiki=Nationalist Congress Party)
113,state_min,state_minister,g-n-s-rajasekaran,G. N. S. Rajasekaran,Minister for Agriculture,st-py-pos-minister-3,Puducherry,BJP,2026-08-05,correct,https://en.wikipedia.org/wiki/G._N._S._Rajasekaran,Infobox: Member of Puducherry Legislative Assembly since 2026 (consistent with the 2026 election cycle in the southern states); CSV since 2026-08-05 for the ministerial appointment is plausible though not independently itemised in this infobox; party BJP agrees.
114,state_min,minister_of_state,pabitra-margherita,Pabitra Margherita,Minister of State in the Ministry of Textiles,in-pos-mos-textiles-1,Government of India,BJP,2024-06-10,correct,https://en.wikipedia.org/wiki/Pabitra_Margherita,Automated cross-check: office-title match score 0.55; office_score=0.55; date=since date agrees to month; party=agrees (csv=BJP ~ wiki=25px Bharatiya Janata Party)
115,state_min,state_minister,krishna-gaur,Krishna Gaur,"Minister, Government of Madhya Pradesh",st-mp-pos-minister-20,Madhya Pradesh,BJP,2023-12-25,correct,https://en.wikipedia.org/wiki/Mohan_Yadav_ministry,"MP cabinet list: Krishna Gaur, MoS(IC) for OBC & Minority Welfare, minister1_termstart = 25 Dec 2023 = CSV since exactly; party BJP agrees."
116,state_min,state_minister,gaddam-vivekanand,Gaddam Vivekanand,"Minister, Telangana",st-tg-pos-minister-11,Telangana,INC,2025-06-08,correct,https://en.wikipedia.org/wiki/G._Vivekanand,"Infobox: Minister for Labour, Employment Training & Factories, Mines & Geology, Telangana, start 8 June 2025 = CSV since exactly; party INC agrees."
117,state_min,state_minister,rohan-khaunte,Rohan Khaunte,"Cabinet Minister, Government of Goa",st-ga-pos-minister-4,Goa,BJP,,correct,https://en.wikipedia.org/wiki/Rohan_Khaunte,Automated cross-check: office-title match score 0.91; office_score=0.91; date=no comparable date; party=agrees (csv=BJP ~ wiki=Bharatiya Janata Party)
118,state_min,state_minister,kinjarapu-atchannaidu,Kinjarapu Atchannaidu,"Minister, Andhra Pradesh",st-ap-pos-minister-2,Andhra Pradesh,TDP,2024-06-12,correct,https://en.wikipedia.org/wiki/Kinjarapu_Atchannaidu,"Infobox: Minister of Animal Husbandry/Dairy/Fisheries and of Agriculture, AP, both start 12 June 2024 = CSV since exactly; party TDP agrees."
119,state_min,state_minister,mons-joseph,Mons Joseph,Minister for Water Resources,st-kl-pos-minister-5,Kerala,KEC,2026-05-19,correct,https://en.wikipedia.org/wiki/Mons_Joseph,Automated cross-check: office-title match score 0.63; office_score=0.63; date=no comparable date; party=agrees (csv=KEC ~ wiki=Kerala Congress)
120,state_min,minister_of_state,purnima-chakraborty,Purnima Chakraborty,"Minister, Information and Cultural Affairs Tourism",st-wb-pos-minister-31,West Bengal,BJP,2026-06-01,correct,https://en.wikipedia.org/wiki/Purnima_Chakraborty,"Infobox: Minister of State, West Bengal, start 1 June 2026 = CSV since exactly; party BJP agrees (consistent with West Bengal's 2026 assembly election cycle)."
121,state_min,state_minister,bindhu-krishna,Bindhu Krishna,Minister for Labour,st-kl-pos-minister-13,Kerala,INC,2026-05-19,correct,https://en.wikipedia.org/wiki/Bindhu_Krishna,"Infobox: Minister for Women & Child Development, Labour, Animal Husbandry and Dairy Development, Kerala, start 18 May 2026 (CSV since 2026-05-19, 1 day off); the 'Labour' portfolio named in CSV is one of her four listed departments; party INC agrees; also confirms Kerala's 2026 election produced a change of government (CM listed as V. D. Satheesan / UDF)."
122,state_min,minister_of_state,shripad-yesso-naik,Shripad Yesso Naik,Minister of State in the Ministry of Power,in-pos-mos-power-1,Government of India,BJP,2024-06-10,correct,https://en.wikipedia.org/wiki/Shripad_Naik,"Infobox: Union MoS for Power and New & Renewable Energy, start 10 June 2024 = CSV since exactly; party BJP agrees."
123,state_min,minister_of_state,suresh-gopi,Suresh Gopi,Minister of State in the Ministry of Tourism,in-pos-mos-tourism-1,Government of India,BJP,2024-06-10,correct,https://en.wikipedia.org/wiki/Suresh_Gopi,Automated cross-check: office-title match score 0.68; office_score=0.68; date=since date agrees to month; party=agrees (csv=BJP ~ wiki=Bharatiya Janata Party)
124,state_min,state_minister,narendra-shivaji-patel,Narendra Shivaji Patel,"Minister, Government of Madhya Pradesh",st-mp-pos-minister-29,Madhya Pradesh,BJP,2023-12-25,correct,https://en.wikipedia.org/wiki/Mohan_Yadav_ministry,"MP cabinet list: Narendra Shivaji Patel, Public Health, minister1_termstart = 25 Dec 2023 = CSV since exactly; party BJP agrees."
125,state_min,state_minister,anagani-satya-prasad,Anagani Satya Prasad,"Minister, Andhra Pradesh",st-ap-pos-minister-12,Andhra Pradesh,TDP,2024-06-12,correct,https://en.wikipedia.org/wiki/Anagani_Satya_Prasad,"Infobox: Minister of Revenue, Registration & Stamps, AP, start 12 June 2024 = CSV since exactly; party TDP agrees."
126,state_min,state_minister,c-vijayalakshmi,C. Vijayalakshmi,Minister for Dairy Development,st-tn-pos-minister-24,Tamil Nadu,TVK,2026-05-13,correct,https://en.wikipedia.org/wiki/C._Vijayalakshmi,"Infobox: Cabinet Minister (predecessor Mano Thangaraj, the DMK government's Dairy Development minister), Government of Tamil Nadu, start 10 May 2026 (CSV since 2026-05-13, 3 days off); party TVK agrees."
127,state_min,state_minister,rajmohan-arumugam,Rajmohan Arumugam,Minister for School Education,st-tn-pos-minister-7,Tamil Nadu,TVK,2026-05-13,correct,https://en.wikipedia.org/wiki/Rajmohan_Arumugam,"Infobox: Cabinet Minister, Government of Tamil Nadu, start 10 May 2026 (CSV since 2026-05-13, 3 days off); party TVK agrees."
128,state_min,state_minister,c-puttarangashetty,C. Puttarangashetty,"Minister, Karnataka",st-ka-pos-minister-30,Karnataka,INC,2026-08-03,cannot_verify,,"His personal infobox only shows a stale 2018-2019 ministerial stint under the first Siddaramaiah ministry. The well-maintained 'Second Siddaramaiah ministry' Wikipedia page (revision 2026-08-03, the same date as CSV's claimed since-date, and which does track reshuffles with dated, sourced entries) does not list C. Puttarangashetty among current ministers. This is a real, unresolved discrepancy worth flagging for priority re-check, but not conclusive enough for a corrections entry."
129,state_min,state_minister,kollu-ravindra,Kollu Ravindra,"Minister, Andhra Pradesh",st-ap-pos-minister-3,Andhra Pradesh,TDP,2024-06-12,correct,https://en.wikipedia.org/wiki/Kollu_Ravindra,Automated cross-check: office-title match score 0.66; office_score=0.66; date=since date agrees to month; party=agrees (csv=TDP ~ wiki=Telugu Desam Party)
130,everything_else,other,anjani-kumar-mishra,Anjani Kumar Mishra,"Vice-Chairperson, e-Committee, Supreme Court of India",in-pos-vice-chairperson-ecommittee-sc,Government of India,,,cannot_verify,,"Infobox confirms he was an Allahabad HC judge until mandatory retirement on 16 May 2025; the CSV's claimed post-retirement e-Committee Vice-Chairpersonship is a separate, plausible appointment not covered by this infobox."
131,everything_else,other,mukul-balkrishna-wasnik,Mukul Balkrishna Wasnik,"Chairperson, DRSC on Education, Women, Children, Youth and Sports",in-pos-chair-drsc-education-women-children-youth-sports,Government of India,INC,,cannot_verify,,Infobox confirms current Rajya Sabha MP / INC status; the specific DRSC (Education) chairpersonship is a parliamentary committee assignment not tracked in personal infoboxes (would need a sansad.in committee listing to confirm).
132,everything_else,other,tiruchi-siva,Tiruchi Siva,"Chairperson, DRSC on Industry",in-pos-chair-drsc-industry,Government of India,DMK,,cannot_verify,,Infobox confirms current Rajya Sabha MP / DMK status and DMK Rajya Sabha leadership; the specific DRSC (Industry) chairpersonship is not itemised in the infobox.
133,everything_else,other,nishikant-dubey,Nishikant Dubey,"Chairperson, DRSC on Communications and Information Technology",in-pos-chair-drsc-communications-it,Government of India,BJP,,cannot_verify,,Infobox confirms current Lok Sabha MP / BJP status; the specific DRSC (Communications & IT) chairpersonship is not itemised in the infobox.
134,everything_else,deputy_presiding_officer,kardo-nyigyor,Kardo Nyigyor,"Deputy Speaker, Arunachal Pradesh Legislative Assembly",st-ar-pos-deputy-speaker,Arunachal Pradesh,BJP,2024-06-14,correct,https://en.wikipedia.org/wiki/Kardo_Nyigyor,Automated cross-check: office-title match score 0.97; office_score=0.97; date=since date agrees to month; party=agrees (csv=BJP ~ wiki=Bharatiya Janata Party)
135,everything_else,other,ashok-tiwari,Ashok Tiwari,Mayor of Varanasi,st-up-mc-varanasi-pos-mayor,Uttar Pradesh,BJP,2023,correct,https://en.wikipedia.org/wiki/Ashok_Tiwari,Automated cross-check: office-title match score 1.00; office_score=1.00; date=since date agrees to month; party=agrees (csv=BJP ~ wiki=Bharatiya Janata Party)
136,everything_else,other,shamika-ravi,Shamika Ravi,"Full-time Member, Economic Advisory Council to the PM",in-pos-member-pmeac-1,Government of India,,,correct,https://en.wikipedia.org/wiki/Shamika_Ravi,Automated cross-check: office-title match score 0.71; office_score=0.71; date=no comparable date; party=agrees (no csv party to check)
137,everything_else,other,c-m-ramesh,C.M. Ramesh,"Chairperson, DRSC on Railways",in-pos-chair-drsc-railways,Government of India,BJP,,cannot_verify,,Infobox confirms current Lok Sabha MP (since 2024 general election) / BJP status; the specific DRSC (Railways) chairpersonship is not itemised in the infobox.
138,everything_else,judge,arun-palli,Arun Palli,"Judge, Supreme Court of India",in-pos-judge-sc-arun-palli,Government of India,,2026-06-02,correct,https://en.wikipedia.org/wiki/Arun_Palli,Automated cross-check: office-title match score 0.95; office_score=0.95; date=since date agrees to month; party=agrees (no csv party to check)
139,everything_else,judge,prashant-kumar-mishra,Prashant Kumar Mishra,"Judge, Supreme Court of India",in-pos-judge-sc-prashant-kumar-mishra,Government of India,,2023-05-19,correct,https://en.wikipedia.org/wiki/Prashant_Kumar_Mishra,Automated cross-check: office-title match score 0.95; office_score=0.95; date=since date agrees to month; party=agrees (no csv party to check)
140,everything_else,other,c-lalsawta,C. Lalsawta,"Chairperson, Mizoram Lokayukta",st-mz-pos-lokayukta-chairperson,Mizoram,,2019-03-12,cannot_verify,,"Wikipedia search for 'C. Lalsawta' resolved to a differently-named, unrelated person ('C. Lalsawivunga'); no reliable page found for the Mizoram Lokayukta chairperson."
141,everything_else,judge,k-v-viswanathan,K.V. Viswanathan,"Judge, Supreme Court of India",in-pos-judge-sc-k-v-viswanathan,Government of India,,2023-05-19,correct,https://en.wikipedia.org/wiki/K._V._Viswanathan,Automated cross-check: office-title match score 0.89; office_score=0.89; date=since date agrees to month; party=agrees (no csv party to check)
142,everything_else,judge,k-vinod-chandran,K. Vinod Chandran,"Judge, Supreme Court of India",in-pos-judge-sc-k-vinod-chandran,Government of India,,2025-01-16,correct,https://en.wikipedia.org/wiki/K._Vinod_Chandran,Automated cross-check: office-title match score 0.95; office_score=0.95; date=since date agrees to month; party=agrees (no csv party to check)
143,everything_else,other,raghav-chadha,Raghav Chadha,"Chairperson, Committee on Petitions (Rajya Sabha)",in-pos-chair-petitions-rs,Government of India,AAP,,cannot_verify,,"Infobox confirms current Rajya Sabha MP status since 10 April 2022, consistent with CSV, but the party field on this revision reads 'Bharatiya Janata Party (since 2026)', which conflicts sharply with Raghav Chadha's long-standing, well-documented AAP identity; this could be a genuine (very notable) defection or could be vandalism on the Wikipedia page. Flagging as a data-quality risk rather than asserting either party as confirmed; his DRSC/Committee on Petitions chairpersonship is also not itemised in the infobox. Recommend independent confirmation before treating either the CSV's AAP or Wikipedia's BJP claim as ground truth."
144,everything_else,other,sanjeev-sanyal,Sanjeev Sanyal,"Full-time Member, Economic Advisory Council to the PM",in-pos-member-pmeac-2,Government of India,,,correct,https://en.wikipedia.org/wiki/Sanjeev_Sanyal,"Infobox: Member of the Economic Advisory Council to the PM (EAC-PM), start 22 Feb 2022, no end - matches CSV's role description exactly."
145,everything_else,other,archana-verma,Archana Verma,Mayor of Shahjahanpur,st-up-mc-shahjahanpur-pos-mayor,Uttar Pradesh,BJP,2023,cannot_verify,,Wikipedia search for 'Archana Verma' resolved to an unrelated person (Archana Shastry); no reliable page found for the Mayor of Shahjahanpur.
146,everything_else,deputy_presiding_officer,narendra-narayan-yadav,Narendra Narayan Yadav,Deputy Speaker of the Bihar Legislative Assembly,st-br-pos-deputy-speaker,Bihar,JD(U),2025-12-03,cannot_verify,,"His infobox shows Deputy Speaker of Bihar Legislative Assembly, term_start 23 Feb 2024 (the previous, 17th assembly), not the CSV's claimed 2025-12-03 (which would correspond to Bihar's Nov 2025 election and the 18th assembly). Deputy Speakers are typically re-elected at the start of each new assembly, so a Dec 2025 date is plausible, but no source confirming that specific date was found in this run."
147,everything_else,other,alok-joshi,Alok Joshi,"Chairman, National Security Advisory Board",in-pos-chairman-nsab,Government of India,,2025-04,cannot_verify,,"Infobox only covers his earlier career (Secretary, R&AW, 2012-2014); no NSAB-chairmanship-specific field found to confirm the CSV's 2025-04 since-date, though the underlying appointment is independently well known."
148,everything_else,other,narendra-modi,Narendra Modi,"Chairperson, NITI Aayog",in-pos-chairperson-niti-aayog,Government of India,BJP,2015-01-01,correct,https://en.wikipedia.org/wiki/Narendra_Modi,"NITI Aayog's Chairperson is an ex officio role held by the sitting Prime Minister; NITI Aayog was established 1 January 2015 (replacing the Planning Commission), matching CSV since exactly. Not itemised separately in the personal infobox but independently well documented."
149,everything_else,other,sanjay-jaiswal,Sanjay Jaiswal,"Chairperson, Estimates Committee",in-pos-chair-estimates,Government of India,BJP,,cannot_verify,,Infobox confirms current Lok Sabha MP / BJP status and a separate 'Chief Whip' role (since 27 Jul 2024); the specific Estimates Committee chairpersonship is not itemised in the infobox.
